{"stat.useItem.minecraft.string":12,"stat.beaconInteraction":3,"stat.useItem.minecraft.bow":770,"stat.pickup.minecraft.repeating_command_block":1,"stat.drop.minecraft.armor_stand":239,"stat.useItem.minecraft.chain_command_block":1354,"stat.useItem.minecraft.quartz_block":2553,"stat.killEntity.EntityHorse":2,"stat.leaveGame":137,"stat.drop.minecraft.gunpowder":1,"stat.useItem.minecraft.soul_sand":2,"stat.drop.minecraft.redstone":1,"stat.killEntity.Blaze":9,"stat.useItem.minecraft.repeating_command_block":57,"stat.useItem.minecraft.glowstone":7,"stat.killEntity.PigZombie":2,"stat.bannerCleaned":11,"stat.pickup.minecraft.porkchop":2,"stat.useItem.minecraft.water_bucket":5,"stat.pickup.minecraft.rotten_flesh":58,"stat.useItem.minecraft.vine":18,"stat.killEntity.Enderman":3,"stat.useItem.minecraft.anvil":4,"stat.useItem.minecraft.ender_pearl":149,"stat.breakItem.minecraft.bow":1,"stat.killEntity.Villager":2,"stat.hopperInspected":3,"stat.useItem.minecraft.spawn_egg":70,"stat.pickup.minecraft.armor_stand":8,"stat.pickup.minecraft.wooden_button":3,"stat.pickup.minecraft.beef":3,"stat.useItem.minecraft.redstone":1114,"stat.useItem.minecraft.trapdoor":134,"stat.useItem.minecraft.stained_glass":50,"stat.useItem.minecraft.fence":4,"stat.useItem.minecraft.dark_oak_door":1,"achievement.openInventory":1806,"stat.useItem.minecraft.cauldron":1,"stat.useItem.minecraft.flint_and_steel":1,"stat.useItem.minecraft.wooden_button":29,"stat.useItem.minecraft.hopper":4,"stat.pickup.minecraft.lever":1,"stat.deaths":42,"stat.playOneMinute":2622180,"stat.pickup.minecraft.blaze_rod":5,"stat.chestOpened":48,"stat.useItem.minecraft.stone":57,"stat.pickup.minecraft.arrow":34,"stat.pickup.minecraft.gold_nugget":1,"stat.fallOneCm":86281,"stat.crouchOneCm":356079,"stat.craftItem.minecraft.banner":244,"stat.drop.minecraft.book":1,"stat.craftingTableInteraction":101,"stat.pickup.minecraft.comparator":1,"stat.drop.minecraft.soul_sand":1,"stat.useItem.minecraft.wool":16,"stat.drop.minecraft.stick":3,"stat.useItem.minecraft.iron_bars":12,"stat.useItem.minecraft.torch":15,"stat.useItem.minecraft.log":11,"stat.useItem.minecraft.comparator":26,"stat.pickup.minecraft.redstone_block":2,"stat.drop.minecraft.sign":1,"stat.drop.minecraft.stonebrick":1,"stat.useItem.minecraft.glass_pane":6,"stat.useItem.minecraft.birch_door":1,"stat.useItem.minecraft.iron_sword":23,"stat.useItem.minecraft.barrier":25,"stat.useItem.minecraft.stonebrick":433,"stat.pickup.minecraft.golden_sword":1,"stat.useItem.minecraft.wooden_door":3,"stat.pickup.minecraft.red_flower":9,"stat.sneakTime":139875,"stat.pickup.minecraft.wool":1,"stat.useItem.minecraft.fishing_rod":5,"stat.pickup.minecraft.tripwire_hook":1,"stat.pickup.minecraft.bone":39,"stat.pickup.minecraft.redstone_torch":4,"stat.horseOneCm":10184,"stat.useItem.minecraft.repeater":48,"stat.useItem.minecraft.beacon":3,"stat.useItem.minecraft.diamond_sword":381,"stat.swimOneCm":1260,"stat.useItem.minecraft.snow":18,"stat.climbOneCm":9261,"stat.useItem.minecraft.obsidian":17,"stat.useItem.minecraft.redstone_torch":110,"stat.useItem.minecraft.dirt":3,"stat.pickup.minecraft.bow":2,"achievement.exploreAllBiomes":{"value":0,"progress":["Desert","The End","Hell"]},"stat.pickup.minecraft.anvil":2,"stat.flyOneCm":3576681,"stat.pickup.minecraft.soul_sand":1,"stat.pickup.minecraft.chain_command_block":1,"stat.pickup.minecraft.cactus":3,"stat.pickup.minecraft.redstone":33,"stat.timeSinceDeath":60969,"stat.useItem.minecraft.sign":575,"stat.cauldronFilled":1,"stat.pickup.minecraft.mutton":1,"stat.useItem.minecraft.iron_door":12,"stat.useItem.minecraft.lever":10,"stat.pickup.minecraft.stonebrick":1,"stat.pickup.minecraft.carpet":1,"stat.killEntity.Creeper":6,"stat.useItem.minecraft.armor_stand":1507,"stat.drop.minecraft.spawn_egg":5,"stat.pickup.minecraft.string":11,"stat.drop.minecraft.anvil":3,"stat.useItem.minecraft.written_book":891,"stat.sprintOneCm":701385,"stat.useItem.minecraft.stone_slab":43,"stat.useItem.minecraft.ender_eye":12,"stat.drop.minecraft.lava_bucket":1,"stat.useItem.minecraft.bucket":1,"stat.pickup.minecraft.spawn_egg":4,"stat.drop":48,"stat.pickup.minecraft.stone_button":10,"stat.useItem.minecraft.banner":117,"stat.killEntity.Sheep":1,"stat.useItem.minecraft.ladder":11,"stat.useItem.minecraft.purpur_block":2,"stat.drop.minecraft.redstone_block":1,"stat.killEntity.Zombie":61,"stat.diveOneCm":130,"stat.pickup.minecraft.wheat":1,"stat.pickup.minecraft.sign":105,"stat.useItem.minecraft.quartz_stairs":19,"stat.useItem.minecraft.carpet":8,"stat.useItem.minecraft.stained_glass_pane":242,"stat.jump":5067,"stat.useItem.minecraft.sand":36,"stat.useItem.minecraft.iron_trapdoor":4,"stat.pickup.minecraft.iron_ingot":29,"stat.pickup.minecraft.gunpowder":9,"stat.pickup.minecraft.spider_eye":2,"stat.useItem.minecraft.stone_button":95,"stat.useItem.minecraft.glass":12,"stat.drop.minecraft.barrier":1,"stat.boatOneCm":1172,"stat.pickup.minecraft.command_block":3,"stat.useItem.minecraft.redstone_lamp":18,"stat.damageTaken":14457,"stat.pickup.minecraft.leather":2,"stat.useItem.minecraft.stone_brick_stairs":23,"stat.pickup.minecraft.written_book":19,"stat.useItem.minecraft.gold_block":14,"stat.drop.minecraft.stone_button":3,"stat.useItem.minecraft.end_portal_frame":13,"stat.pickup.minecraft.quartz_block":38,"stat.killEntity.Shulker":2,"stat.entityKilledBy.Zombie":3,"stat.damageDealt":18624,"stat.useItem.minecraft.snow_layer":1,"stat.killEntity.Cow":1,"stat.useItem.minecraft.crafting_table":2,"stat.killEntity.Pig":1,"stat.useItem.minecraft.command_block":274,"stat.walkOneCm":5659954,"stat.useItem.minecraft.chest":6,"stat.playerKills":1,"stat.drop.minecraft.wheat":1,"stat.useItem.minecraft.pumpkin":2,"stat.useItem.minecraft.tnt":2,"stat.useItem.minecraft.lava_bucket":3,"stat.useItem.minecraft.redstone_block":792,"stat.useItem.minecraft.item_frame":29,"stat.pickup.minecraft.stone":1,"stat.pickup.minecraft.ender_pearl":3,"stat.useItem.minecraft.leaves":27,"stat.drop.minecraft.command_block":2,"stat.useItem.minecraft.cactus":5,"stat.killEntity.Skeleton":33,"stat.useItem.minecraft.tripwire_hook":8,"stat.useItem.minecraft.iron_block":8,"stat.killEntity.Spider":5,"stat.mobKills":132,"stat.drop.minecraft.repeating_command_block":1,"stat.drop.minecraft.written_book":129,"stat.useItem.minecraft.boat":4,"stat.useItem.minecraft.writable_book":3,"stat.drop.minecraft.quartz_block":9}